mean_error,median_error,min_error,max_error,std_error,mse,rmse
0.6906813854242072,0.5124269127845764,0.07919901609420776,4.960354328155518,0.7647165693735967,1.0618322,1.0304524
