epoch,step,test_loss,val_loss
0,0,,0.25576797127723694
1,1,,0.13997586071491241
2,2,,0.13319285213947296
3,3,,0.13606014847755432
4,4,,0.08084581792354584
5,5,,0.07284489274024963
6,6,,0.06559731811285019
7,7,,0.1165408343076706
8,8,,0.11281503736972809
9,9,,0.09487773478031158
10,10,0.06652097404003143,
