sample,error,pred_x,pred_y,pred_z,true_x,true_y,true_z
Sample_0,0.1503879725933075,0.13301012,-0.100174576,-0.010107735,-2.113298e-08,-0.04141586,-0.048477788
Sample_1,3.124486207962036,0.13300475,-0.10017399,-0.0101056015,2.719654,-1.8525106,0.021114232
