mean_error,median_error,min_error,max_error,std_error,mse,rmse
1.6374370902776718,1.6374370902776718,0.1503879725933075,3.124486207962036,1.4870491176843643,3.2616713,1.8060098
