mean_error,median_error,min_error,max_error,std_error,mse,rmse
0.7849189907312393,0.5594797134399414,0.08364317566156387,3.1737282276153564,0.7347702391845601,1.1559852,1.0751675
